domain,experiment_id,file_path,method,shift_condition,dgp_or_dataset,n_train,n_cal,n_test,T,alpha,n_seeds,seed,overall_coverage,coverage_std_pooled,coverage_se,mean_width,width_std_pooled,early_coverage_mean,late_coverage_mean,coverage_degradation,time_resolved_metrics,aci_stepsize,covariate_mode,with_shift,mixed,notes
synthetic,results_adaptive_noshift_20260414_103751,results/synthetic/json/results_adaptive_noshift_20260414_103751.json,Sliding-window split conformal,no_shift,static-X Pois(λ=1.0),600,600,300,20,0.1,30,,0.8999444444444444,0.3000740597886207,0.0007072813417823706,1.2898688712674957,0.49601932988627967,0.8995185185185184,0.9002380952380953,-0.0007195767195768976,coverage_max;coverage_mean;coverage_median;coverage_min;coverage_q25;coverage_q75;coverage_std;empirical_coverage;n_predictions_total;width_mean;width_median;width_std,0.005,static,False,,"baseline labeled 'adaptive' but is sliding-window split conformal (no ACI); see CLAUDE.md §Baselines | n_test stored as n_series | coverage_std is pooled per-(series,t), not cross-seed"
synthetic,results_adaptive_shift_20260414_103752,results/synthetic/json/results_adaptive_shift_20260414_103752.json,Sliding-window split conformal,shift,static-X Pois(λ=1.0)→λ̃=2.0,600,600,300,20,0.1,30,,0.8968666666666667,0.3041329460760358,0.0007168482285086916,1.289868871267496,0.49601932988627967,0.8519074074074076,0.9156190476190476,-0.06371164021164,coverage_max;coverage_mean;coverage_median;coverage_min;coverage_q25;coverage_q75;coverage_std;empirical_coverage;n_predictions_total;width_mean;width_median;width_std,0.005,static,True,,"baseline labeled 'adaptive' but is sliding-window split conformal (no ACI); see CLAUDE.md §Baselines | n_test stored as n_series | coverage_std is pooled per-(series,t), not cross-seed"
synthetic,results_algorithm_dynamic_LRonly_20260423_220742,results/synthetic/json/results_algorithm_dynamic_LRonly_20260423_220742.json,"AdaptedCAFHT (LR only, γ=0)",shift,dynamic-X ρ=0.6→ρ̃=0.9,1000,1000,500,40,0.1,100,,0.8538095,0.35329709552973965,0.0002498187720225904,1.2286126854538404,0.3039479399554864,0.830523076923077,0.8701042857142857,-0.03958120879120863,coverage_max;coverage_mean;coverage_median;coverage_min;coverage_q25;coverage_q75;coverage_std;empirical_coverage;n_predictions_total;width_mean;width_median;width_std,0.0,dynamic,True,,"n_test stored as n_series | coverage_std is pooled per-(series,t), not cross-seed"
synthetic,results_algorithm_dynamic_noshift_20260423_220707,results/synthetic/json/results_algorithm_dynamic_noshift_20260423_220707.json,AdaptedCAFHT (uniform weights + ACI),no_shift,dynamic-X ρ=0.6,1000,1000,500,40,0.1,100,,0.8982835,0.3022751290261076,0.00021374079351839926,1.1758796378507814,0.32656469077244415,0.8993707692307693,0.8971114285714287,0.002259340659340636,coverage_max;coverage_mean;coverage_median;coverage_min;coverage_q25;coverage_q75;coverage_std;empirical_coverage;n_predictions_total;width_mean;width_median;width_std,0.005,dynamic,False,,"ACI stepsize fixed at 0.005 (γ-selector not active in this run) | n_test stored as n_series | coverage_std is pooled per-(series,t), not cross-seed"
synthetic,results_algorithm_dynamic_shift_20260423_220748,results/synthetic/json/results_algorithm_dynamic_shift_20260423_220748.json,Weighted CAFHT (LR + ACI),shift,dynamic-X ρ=0.6→ρ̃=0.9,1000,1000,500,40,0.1,100,,0.8564595,0.35062319498251965,0.0002479280388134327,1.2346146537675118,0.30224343892495975,0.8346723076923077,0.87129,-0.036617692307692296,coverage_max;coverage_mean;coverage_median;coverage_min;coverage_q25;coverage_q75;coverage_std;empirical_coverage;n_predictions_total;width_mean;width_median;width_std,0.005,dynamic,True,,"ACI stepsize fixed at 0.005 (γ-selector not active in this run) | n_test stored as n_series | coverage_std is pooled per-(series,t), not cross-seed"
synthetic,results_algorithm_dynamicshift_LRandACI_20260424_110424,results/synthetic/json/results_algorithm_dynamicshift_LRandACI_20260424_110424.json,Weighted CAFHT (LR + ACI),shift,dynamic-X ρ=0.6→ρ̃=0.9,1000,1000,500,40,0.1,30,,0.8584633333333334,0.3485742943126408,0.0004500074789296202,1.2363241369918714,0.30201096283334783,0.8372512820512821,0.8725428571428572,-0.0352915750915751,coverage_max;coverage_mean;coverage_median;coverage_min;coverage_q25;coverage_q75;coverage_std;empirical_coverage;n_predictions_total;width_mean;width_median;width_std,0.005,dynamic,True,,"ACI stepsize fixed at 0.005 (γ-selector not active in this run) | n_test stored as n_series | coverage_std is pooled per-(series,t), not cross-seed"
synthetic,results_algorithm_dynamicshift_LRonly_20260424_110424,results/synthetic/json/results_algorithm_dynamicshift_LRonly_20260424_110424.json,"AdaptedCAFHT (LR only, γ=0)",shift,dynamic-X ρ=0.6→ρ̃=0.9,1000,1000,500,40,0.1,30,,0.8560266666666667,0.3510626904446301,0.000453219984522274,1.2302731880911484,0.3036473218790958,0.8333794871794871,0.8715857142857143,-0.03820622710622723,coverage_max;coverage_mean;coverage_median;coverage_min;coverage_q25;coverage_q75;coverage_std;empirical_coverage;n_predictions_total;width_mean;width_median;width_std,0.0,dynamic,True,,"n_test stored as n_series | coverage_std is pooled per-(series,t), not cross-seed"
synthetic,results_algorithm_dynamicshift_weightone_20260424_110416,results/synthetic/json/results_algorithm_dynamicshift_weightone_20260424_110416.json,Weighted CAFHT (LR + ACI),shift,dynamic-X ρ=0.6→ρ̃=0.9,1000,1000,500,40,0.1,30,,0.859355,0.3476549783549777,0.0004488206471316429,1.2384221539572855,0.3048619639704892,0.840030769230769,0.8722666666666667,-0.03223589743589772,coverage_max;coverage_mean;coverage_median;coverage_min;coverage_q25;coverage_q75;coverage_std;empirical_coverage;n_predictions_total;width_mean;width_median;width_std,0.005,dynamic,True,,"ACI stepsize fixed at 0.005 (γ-selector not active in this run) | n_test stored as n_series | coverage_std is pooled per-(series,t), not cross-seed"
synthetic,results_algorithm_noshift_20260206_155850,results/synthetic/json/results_algorithm_noshift_20260206_155850.json,AdaptedCAFHT (uniform weights + ACI),no_shift,static-X Pois(λ=1.0),1000,1000,500,20,0.1,10,,0.89577,0.3055586802890731,0.000966261388548668,1.2873866030273073,0.4823307701708961,0.8949666666666668,0.8950857142857143,-0.0001190476190474632,coverage_max;coverage_mean;coverage_median;coverage_min;coverage_q25;coverage_q75;coverage_std;empirical_coverage;n_predictions_total;width_mean;width_median;width_std,0.005,static,False,,"ACI stepsize fixed at 0.005 (γ-selector not active in this run) | n_test stored as n_series | coverage_std is pooled per-(series,t), not cross-seed"
synthetic,results_algorithm_noshift_20260414_103748,results/synthetic/json/results_algorithm_noshift_20260414_103748.json,AdaptedCAFHT (uniform weights + ACI),no_shift,static-X Pois(λ=1.0),600,600,300,20,0.1,30,,0.8974333333333333,0.30339206574258915,0.000715101956815932,1.28691849963563,0.4905633871512587,0.8983703703703704,0.8962222222222224,0.0021481481481480103,coverage_max;coverage_mean;coverage_median;coverage_min;coverage_q25;coverage_q75;coverage_std;empirical_coverage;n_predictions_total;width_mean;width_median;width_std,0.005,static,False,,"ACI stepsize fixed at 0.005 (γ-selector not active in this run) | n_test stored as n_series | coverage_std is pooled per-(series,t), not cross-seed"
synthetic,results_algorithm_noshift_LRandACI_20260424_110409,results/synthetic/json/results_algorithm_noshift_LRandACI_20260424_110409.json,AdaptedCAFHT (uniform weights + ACI),no_shift,static-X Pois(λ=1.0),1000,1000,500,40,0.1,30,,0.8986733333333333,0.30176078818973295,0.0003895715023990865,1.0580863683866382,0.4170699926958032,0.898851282051282,0.8980857142857144,0.0007655677655675763,coverage_max;coverage_mean;coverage_median;coverage_min;coverage_q25;coverage_q75;coverage_std;empirical_coverage;n_predictions_total;width_mean;width_median;width_std,0.005,static,False,,"ACI stepsize fixed at 0.005 (γ-selector not active in this run) | n_test stored as n_series | coverage_std is pooled per-(series,t), not cross-seed"
synthetic,results_algorithm_noshift_LRonly_20260424_110413,results/synthetic/json/results_algorithm_noshift_LRonly_20260424_110413.json,"AdaptedCAFHT (uniform weights, γ=0)",no_shift,static-X Pois(λ=1.0),1000,1000,500,40,0.1,30,,0.8985583333333333,0.3019126610968072,0.00038976756947903273,1.0576291363740624,0.41706663540955635,0.8985435897435899,0.898095238095238,0.0004483516483519967,coverage_max;coverage_mean;coverage_median;coverage_min;coverage_q25;coverage_q75;coverage_std;empirical_coverage;n_predictions_total;width_mean;width_median;width_std,0.0,static,False,,"n_test stored as n_series | coverage_std is pooled per-(series,t), not cross-seed"
synthetic,results_algorithm_noshift_weightone_20260424_110358,results/synthetic/json/results_algorithm_noshift_weightone_20260424_110358.json,AdaptedCAFHT (uniform weights + ACI),no_shift,static-X Pois(λ=1.0),1000,1000,500,40,0.1,30,,0.8987283333333334,0.3016881107985898,0.0003894776762905721,1.0580312353688173,0.4164025145827055,0.8988051282051284,0.8981809523809524,0.0006241758241759543,coverage_max;coverage_mean;coverage_median;coverage_min;coverage_q25;coverage_q75;coverage_std;empirical_coverage;n_predictions_total;width_mean;width_median;width_std,0.005,static,False,,"ACI stepsize fixed at 0.005 (γ-selector not active in this run) | n_test stored as n_series | coverage_std is pooled per-(series,t), not cross-seed"
synthetic,results_algorithm_shift_20260206_160044,results/synthetic/json/results_algorithm_shift_20260206_160044.json,Weighted CAFHT (LR + ACI),shift,static-X Pois(λ=1.0)→λ̃=2.0,1000,1000,500,20,0.1,10,,0.88793,0.31545255602071126,0.0009975485707473092,1.2921269067720018,0.6061626288257307,0.8574,0.8992285714285714,-0.041828571428571326,coverage_max;coverage_mean;coverage_median;coverage_min;coverage_q25;coverage_q75;coverage_std;empirical_coverage;n_predictions_total;width_mean;width_median;width_std,0.005,static,True,,"ACI stepsize fixed at 0.005 (γ-selector not active in this run) | n_test stored as n_series | coverage_std is pooled per-(series,t), not cross-seed"
synthetic,results_algorithm_shift_20260210_121930,results/synthetic/json/results_algorithm_shift_20260210_121930.json,Weighted CAFHT (LR + ACI),shift,static-X Pois(λ=1.0)→λ̃=2.0,1000,1000,500,20,0.1,1,,0.8838,0.32046460022910483,0.0032046460022910482,1.2729493813011121,0.4670729385131799,0.8320000000000002,0.9085714285714286,-0.0765714285714284,coverage_max;coverage_mean;coverage_median;coverage_min;coverage_q25;coverage_q75;coverage_std;empirical_coverage;n_predictions_total;width_mean;width_median;width_std,0.005,static,True,,"ACI stepsize fixed at 0.005 (γ-selector not active in this run) | n_test stored as n_series | coverage_std is pooled per-(series,t), not cross-seed"
synthetic,results_algorithm_shift_20260414_103750,results/synthetic/json/results_algorithm_shift_20260414_103750.json,Weighted CAFHT (LR + ACI),shift,static-X Pois(λ=1.0)→λ̃=2.0,600,600,300,20,0.1,30,,0.8870388888888889,0.3165452550389191,0.0007461043213014829,1.27762212324522,0.5656253402778529,0.8484074074074076,0.903904761904762,-0.05549735449735438,coverage_max;coverage_mean;coverage_median;coverage_min;coverage_q25;coverage_q75;coverage_std;empirical_coverage;n_predictions_total;width_mean;width_median;width_std,0.005,static,True,,"ACI stepsize fixed at 0.005 (γ-selector not active in this run) | n_test stored as n_series | coverage_std is pooled per-(series,t), not cross-seed"
synthetic,results_algorithm_staticshift_LRandACI_20260424_110415,results/synthetic/json/results_algorithm_staticshift_LRandACI_20260424_110415.json,Weighted CAFHT (LR + ACI),shift,static-X Pois(λ=1.0)→λ̃=2.0,1000,1000,500,40,0.1,30,,0.8943233333333334,0.3074233380680278,0.00039688182285765476,1.0409639700564017,0.45766910947168854,0.8781794871794874,0.9012428571428571,-0.023063369963369773,coverage_max;coverage_mean;coverage_median;coverage_min;coverage_q25;coverage_q75;coverage_std;empirical_coverage;n_predictions_total;width_mean;width_median;width_std,0.005,static,True,,"ACI stepsize fixed at 0.005 (γ-selector not active in this run) | n_test stored as n_series | coverage_std is pooled per-(series,t), not cross-seed"
synthetic,results_algorithm_staticshift_LRonly_20260424_110422,results/synthetic/json/results_algorithm_staticshift_LRonly_20260424_110422.json,"AdaptedCAFHT (LR only, γ=0)",shift,static-X Pois(λ=1.0)→λ̃=2.0,1000,1000,500,40,0.1,30,,0.893375,0.3086358847817279,0.00039844721393387443,1.0377630411361274,0.45650634969833637,0.8770358974358973,0.9006380952380955,-0.023602197802198188,coverage_max;coverage_mean;coverage_median;coverage_min;coverage_q25;coverage_q75;coverage_std;empirical_coverage;n_predictions_total;width_mean;width_median;width_std,0.0,static,True,,"n_test stored as n_series | coverage_std is pooled per-(series,t), not cross-seed"
synthetic,results_algorithm_staticshift_weightone_20260424_110410,results/synthetic/json/results_algorithm_staticshift_weightone_20260424_110410.json,Weighted CAFHT (LR + ACI),shift,static-X Pois(λ=1.0)→λ̃=2.0,1000,1000,500,40,0.1,30,,0.9009183333333334,0.2987716351952143,0.00038571252247674093,1.0529011417956058,0.4211844362810605,0.8869128205128204,0.904642857142857,-0.017730036630036583,coverage_max;coverage_mean;coverage_median;coverage_min;coverage_q25;coverage_q75;coverage_std;empirical_coverage;n_predictions_total;width_mean;width_median;width_std,0.005,static,True,,"ACI stepsize fixed at 0.005 (γ-selector not active in this run) | n_test stored as n_series | coverage_std is pooled per-(series,t), not cross-seed"
finance,featurizer_tuning_20240201_20240328,results/finance/json/featurizer_tuning_20240201_20240328.json,(featurizer grid-search),tuning,S&P 500 Technology · sp500_20240201_20240328.npz,,,,,0.1,1,42,0.8753561253561254,,,0.0432222720859744,,,,,variants[],,,,,featurizer tuning artifact (not an experiment run); 13 variants compared | schema different from experiment JSONs: no config/coverage_by_time/width_by_time
finance,featurizer_tuning_20240401_20240531,results/finance/json/featurizer_tuning_20240401_20240531.json,(featurizer grid-search),tuning,S&P 500 Technology · sp500_20240401_20240531.npz,,,,,0.1,1,42,0.8578811369509044,,,0.04182746913142836,,,,,variants[],,,,,featurizer tuning artifact (not an experiment run); 13 variants compared | schema different from experiment JSONs: no config/coverage_by_time/width_by_time
finance,featurizer_tuning_20240701_20240830,results/finance/json/featurizer_tuning_20240701_20240830.json,(featurizer grid-search),tuning,S&P 500 Technology · sp500_20240701_20240830.npz,,,,,0.1,1,42,0.8853359173126615,,,0.06083406508698074,,,,,variants[],,,,,featurizer tuning artifact (not an experiment run); 13 variants compared | schema different from experiment JSONs: no config/coverage_by_time/width_by_time
finance,featurizer_tuning_20241001_20241129,results/finance/json/featurizer_tuning_20241001_20241129.json,(featurizer grid-search),tuning,S&P 500 Technology · sp500_20241001_20241129.npz,,,,,0.1,1,42,0.8759920634920635,,,0.04769177622147539,,,,,variants[],,,,,featurizer tuning artifact (not an experiment run); 13 variants compared | schema different from experiment JSONs: no config/coverage_by_time/width_by_time
finance,featurizer_tuning_20250102_20250228,results/finance/json/featurizer_tuning_20250102_20250228.json,(featurizer grid-search),tuning,S&P 500 Technology · sp500_20250102_20250228.npz,,,,,0.1,1,42,0.8680555555555556,,,0.05292049373833474,,,,,variants[],,,,,featurizer tuning artifact (not an experiment run); 13 variants compared | schema different from experiment JSONs: no config/coverage_by_time/width_by_time
finance,healthcare_noshift_20240201_20240328,results/finance/json/finance_healthcare_noshift_20240201_20240328.json,AdaptedCAFHT (uniform weights + ACI),no_shift_unweighted,S&P 500 Healthcare · 2024-02-02→2024-03-28,206,205,58,40,0.1,1,42,0.9071618037135278,,,0.04396891449820301,,,,,coverage_by_time;width_by_time;gamma_opt_history;clf_prob1_mean_by_time;clf_prob1_std_by_time;dates,,,False,False,
finance,healthcare_noshift_20240701_20240830,results/finance/json/finance_healthcare_noshift_20240701_20240830.json,AdaptedCAFHT (uniform weights + ACI),no_shift_unweighted,S&P 500 Healthcare · 2024-07-02→2024-08-30,206,205,58,44,0.1,1,42,0.9077786688051324,,,0.05076904331246934,,,,,coverage_by_time;width_by_time;gamma_opt_history;clf_prob1_mean_by_time;clf_prob1_std_by_time;dates,,,False,False,
finance,healthcare_shift,results/finance/json/finance_healthcare_shift.json,Weighted CAFHT (LR + ACI),shift_weighted,S&P 500 Healthcare · 2024-02-02→2024-03-28,206,205,58,40,0.1,1,42,0.9076038903625111,,,0.04405751524713395,,,,,coverage_by_time;width_by_time;gamma_opt_history;dates,,,True,False,missing clf_prob1_mean_by_time
finance,healthcare_shift_20240201_20240328,results/finance/json/finance_healthcare_shift_20240201_20240328.json,Weighted CAFHT (LR + ACI),shift_weighted,S&P 500 Healthcare · 2024-02-02→2024-03-28,206,205,58,40,0.1,1,42,0.9071618037135278,,,0.04401673071052622,,,,,coverage_by_time;width_by_time;gamma_opt_history;clf_prob1_mean_by_time;clf_prob1_std_by_time;dates,,,True,False,
finance,healthcare_shift_20240701_20240830,results/finance/json/finance_healthcare_shift_20240701_20240830.json,Weighted CAFHT (LR + ACI),shift_weighted,S&P 500 Healthcare · 2024-07-02→2024-08-30,206,205,58,44,0.1,1,42,0.9053728949478749,,,0.05049285822739991,,,,,coverage_by_time;width_by_time;gamma_opt_history;clf_prob1_mean_by_time;clf_prob1_std_by_time;dates,,,True,False,
finance,mixed_noweighting,results/finance/json/finance_mixed_noweighting.json,"AdaptedCAFHT (mixed-sector null, uniform weights + ACI)",mixed_null_unweighted,S&P 500 Mixed (all sectors) · 2024-02-02→2024-03-28,200,199,70,40,0.1,1,42,0.9106227106227106,,,0.04132163849731273,,,,,coverage_by_time;width_by_time;gamma_opt_history;clf_prob1_mean_by_time;clf_prob1_std_by_time;dates,,,False,True,
finance,mixed_withweighting,results/finance/json/finance_mixed_withweighting.json,"Weighted CAFHT (mixed-sector null, LR active)",mixed_null_weighted,S&P 500 Mixed (all sectors) · 2024-02-02→2024-03-28,200,199,70,40,0.1,1,42,0.910989010989011,,,0.04136234804046867,,,,,coverage_by_time;width_by_time;gamma_opt_history;clf_prob1_mean_by_time;clf_prob1_std_by_time;dates,,,True,True,
finance,tech_LRonly_20240102_20240229,results/finance/json/finance_tech_LRonly_20240102_20240229.json,"AdaptedCAFHT (LR only, γ=0)",shift_LRonly,S&P 500 Technology · 2024-01-03→2024-02-29,200,199,72,41,0.1,1,42,0.8989583333333333,,,0.04326900865490981,,,,,coverage_by_time;width_by_time;gamma_opt_history;clf_prob1_mean_by_time;clf_prob1_std_by_time;dates,,,True,False,
finance,tech_LRonly_20240201_20240328,results/finance/json/finance_tech_LRonly_20240201_20240328.json,"AdaptedCAFHT (LR only, γ=0)",shift_LRonly,S&P 500 Technology · 2024-02-02→2024-03-28,199,198,72,40,0.1,1,42,0.8828347578347578,,,0.04450479002845154,,,,,coverage_by_time;width_by_time;gamma_opt_history;clf_prob1_mean_by_time;clf_prob1_std_by_time;dates,,,True,False,
finance,tech_LRonly_20240301_20240430,results/finance/json/finance_tech_LRonly_20240301_20240430.json,"AdaptedCAFHT (LR only, γ=0)",shift_LRonly,S&P 500 Technology · 2024-03-04→2024-04-30,199,198,72,42,0.1,1,42,0.8655149051490515,,,0.04476710369472914,,,,,coverage_by_time;width_by_time;gamma_opt_history;clf_prob1_mean_by_time;clf_prob1_std_by_time;dates,,,True,False,
finance,tech_LRonly_20240401_20240531,results/finance/json/finance_tech_LRonly_20240401_20240531.json,"AdaptedCAFHT (LR only, γ=0)",shift_LRonly,S&P 500 Technology · 2024-04-02→2024-05-31,198,198,72,44,0.1,1,42,0.8649870801033591,,,0.04345131600006397,,,,,coverage_by_time;width_by_time;gamma_opt_history;clf_prob1_mean_by_time;clf_prob1_std_by_time;dates,,,True,False,
finance,tech_LRonly_20240501_20240628,results/finance/json/finance_tech_LRonly_20240501_20240628.json,"AdaptedCAFHT (LR only, γ=0)",shift_LRonly,S&P 500 Technology · 2024-05-02→2024-06-28,199,198,72,41,0.1,1,42,0.8815972222222223,,,0.04470232709159543,,,,,coverage_by_time;width_by_time;gamma_opt_history;clf_prob1_mean_by_time;clf_prob1_std_by_time;dates,,,True,False,
finance,tech_LRonly_20240603_20240731,results/finance/json/finance_tech_LRonly_20240603_20240731.json,"AdaptedCAFHT (LR only, γ=0)",shift_LRonly,S&P 500 Technology · 2024-06-04→2024-07-31,199,198,72,41,0.1,1,42,0.8538194444444445,,,0.04576558256328449,,,,,coverage_by_time;width_by_time;gamma_opt_history;clf_prob1_mean_by_time;clf_prob1_std_by_time;dates,,,True,False,
finance,tech_LRonly_20240701_20240830,results/finance/json/finance_tech_LRonly_20240701_20240830.json,"AdaptedCAFHT (LR only, γ=0)",shift_LRonly,S&P 500 Technology · 2024-07-02→2024-08-30,199,198,72,44,0.1,1,42,0.8401162790697675,,,0.04895319331090568,,,,,coverage_by_time;width_by_time;gamma_opt_history;clf_prob1_mean_by_time;clf_prob1_std_by_time;dates,,,True,False,
finance,tech_LRonly_20240801_20240930,results/finance/json/finance_tech_LRonly_20240801_20240930.json,"AdaptedCAFHT (LR only, γ=0)",shift_LRonly,S&P 500 Technology · 2024-08-02→2024-09-30,199,198,72,42,0.1,1,42,0.9058265582655827,,,0.054558868948591126,,,,,coverage_by_time;width_by_time;gamma_opt_history;clf_prob1_mean_by_time;clf_prob1_std_by_time;dates,,,True,False,
finance,tech_LRonly_20240903_20241031,results/finance/json/finance_tech_LRonly_20240903_20241031.json,"AdaptedCAFHT (LR only, γ=0)",shift_LRonly,S&P 500 Technology · 2024-09-04→2024-10-31,199,198,72,43,0.1,1,42,0.8756613756613757,,,0.04373312320705248,,,,,coverage_by_time;width_by_time;gamma_opt_history;clf_prob1_mean_by_time;clf_prob1_std_by_time;dates,,,True,False,
finance,tech_LRonly_20241001_20241129,results/finance/json/finance_tech_LRonly_20241001_20241129.json,"AdaptedCAFHT (LR only, γ=0)",shift_LRonly,S&P 500 Technology · 2024-10-02→2024-11-29,199,198,72,43,0.1,1,42,0.8564814814814815,,,0.04237315289242066,,,,,coverage_by_time;width_by_time;gamma_opt_history;clf_prob1_mean_by_time;clf_prob1_std_by_time;dates,,,True,False,
finance,tech_LRonly_20241101_20241231,results/finance/json/finance_tech_LRonly_20241101_20241231.json,"AdaptedCAFHT (LR only, γ=0)",shift_LRonly,S&P 500 Technology · 2024-11-04→2024-12-31,199,198,72,41,0.1,1,42,0.8840277777777777,,,0.05132909480482978,,,,,coverage_by_time;width_by_time;gamma_opt_history;clf_prob1_mean_by_time;clf_prob1_std_by_time;dates,,,True,False,
finance,tech_LRonly_20241202_20250131,results/finance/json/finance_tech_LRonly_20241202_20250131.json,"AdaptedCAFHT (LR only, γ=0)",shift_LRonly,S&P 500 Technology · 2024-12-03→2025-01-31,199,198,72,41,0.1,1,42,0.8628472222222222,,,0.04776832504203425,,,,,coverage_by_time;width_by_time;gamma_opt_history;clf_prob1_mean_by_time;clf_prob1_std_by_time;dates,,,True,False,
finance,tech_LRonly_20250102_20250228,results/finance/json/finance_tech_LRonly_20250102_20250228.json,"AdaptedCAFHT (LR only, γ=0)",shift_LRonly,S&P 500 Technology · 2025-01-03→2025-02-28,199,198,72,39,0.1,1,42,0.8640350877192983,,,0.04985641822854091,,,,,coverage_by_time;width_by_time;gamma_opt_history;clf_prob1_mean_by_time;clf_prob1_std_by_time;dates,,,True,False,
finance,tech_noshift_20240102_20240229,results/finance/json/finance_tech_noshift_20240102_20240229.json,AdaptedCAFHT (uniform weights + ACI),no_shift_unweighted,S&P 500 Technology · 2024-01-03→2024-02-29,200,199,72,41,0.1,1,42,0.9121527777777778,,,0.047504649102444375,,,,,coverage_by_time;width_by_time;gamma_opt_history;clf_prob1_mean_by_time;clf_prob1_std_by_time;dates,,,False,False,
finance,tech_noshift_20240201_20240328,results/finance/json/finance_tech_noshift_20240201_20240328.json,AdaptedCAFHT (uniform weights + ACI),no_shift_unweighted,S&P 500 Technology · 2024-02-02→2024-03-28,199,198,72,40,0.1,1,42,0.8753561253561254,,,0.0432222720859744,,,,,coverage_by_time;width_by_time;gamma_opt_history;clf_prob1_mean_by_time;clf_prob1_std_by_time;dates,,,False,False,
finance,tech_noshift_20240301_20240430,results/finance/json/finance_tech_noshift_20240301_20240430.json,AdaptedCAFHT (uniform weights + ACI),no_shift_unweighted,S&P 500 Technology · 2024-03-04→2024-04-30,199,198,72,42,0.1,1,42,0.877710027100271,,,0.04816880272926126,,,,,coverage_by_time;width_by_time;gamma_opt_history;clf_prob1_mean_by_time;clf_prob1_std_by_time;dates,,,False,False,
finance,tech_noshift_20240401_20240531,results/finance/json/finance_tech_noshift_20240401_20240531.json,AdaptedCAFHT (uniform weights + ACI),no_shift_unweighted,S&P 500 Technology · 2024-04-02→2024-05-31,198,198,72,44,0.1,1,42,0.8578811369509044,,,0.04182746913142837,,,,,coverage_by_time;width_by_time;gamma_opt_history;clf_prob1_mean_by_time;clf_prob1_std_by_time;dates,,,False,False,
finance,tech_noshift_20240501_20240628,results/finance/json/finance_tech_noshift_20240501_20240628.json,AdaptedCAFHT (uniform weights + ACI),no_shift_unweighted,S&P 500 Technology · 2024-05-02→2024-06-28,199,198,72,41,0.1,1,42,0.8909722222222223,,,0.048142242503123406,,,,,coverage_by_time;width_by_time;gamma_opt_history;clf_prob1_mean_by_time;clf_prob1_std_by_time;dates,,,False,False,
finance,tech_noshift_20240603_20240731,results/finance/json/finance_tech_noshift_20240603_20240731.json,AdaptedCAFHT (uniform weights + ACI),no_shift_unweighted,S&P 500 Technology · 2024-06-04→2024-07-31,199,198,72,41,0.1,1,42,0.8548611111111111,,,0.04818813073610998,,,,,coverage_by_time;width_by_time;gamma_opt_history;clf_prob1_mean_by_time;clf_prob1_std_by_time;dates,,,False,False,
finance,tech_noshift_20240701_20240830,results/finance/json/finance_tech_noshift_20240701_20240830.json,AdaptedCAFHT (uniform weights + ACI),no_shift_unweighted,S&P 500 Technology · 2024-07-02→2024-08-30,199,198,72,44,0.1,1,42,0.8853359173126615,,,0.060834065086980756,,,,,coverage_by_time;width_by_time;gamma_opt_history;clf_prob1_mean_by_time;clf_prob1_std_by_time;dates,,,False,False,
finance,tech_noshift_20240801_20240930,results/finance/json/finance_tech_noshift_20240801_20240930.json,AdaptedCAFHT (uniform weights + ACI),no_shift_unweighted,S&P 500 Technology · 2024-08-02→2024-09-30,199,198,72,42,0.1,1,42,0.912940379403794,,,0.056747160352348974,,,,,coverage_by_time;width_by_time;gamma_opt_history;clf_prob1_mean_by_time;clf_prob1_std_by_time;dates,,,False,False,
finance,tech_noshift_20240903_20241031,results/finance/json/finance_tech_noshift_20240903_20241031.json,AdaptedCAFHT (uniform weights + ACI),no_shift_unweighted,S&P 500 Technology · 2024-09-04→2024-10-31,199,198,72,43,0.1,1,42,0.8865740740740741,,,0.046576440324257666,,,,,coverage_by_time;width_by_time;gamma_opt_history;clf_prob1_mean_by_time;clf_prob1_std_by_time;dates,,,False,False,
finance,tech_noshift_20241001_20241129,results/finance/json/finance_tech_noshift_20241001_20241129.json,AdaptedCAFHT (uniform weights + ACI),no_shift_unweighted,S&P 500 Technology · 2024-10-02→2024-11-29,199,198,72,43,0.1,1,42,0.8759920634920635,,,0.047691776221475385,,,,,coverage_by_time;width_by_time;gamma_opt_history;clf_prob1_mean_by_time;clf_prob1_std_by_time;dates,,,False,False,
finance,tech_noshift_20241101_20241231,results/finance/json/finance_tech_noshift_20241101_20241231.json,AdaptedCAFHT (uniform weights + ACI),no_shift_unweighted,S&P 500 Technology · 2024-11-04→2024-12-31,199,198,72,41,0.1,1,42,0.8802083333333334,,,0.05067415228877311,,,,,coverage_by_time;width_by_time;gamma_opt_history;clf_prob1_mean_by_time;clf_prob1_std_by_time;dates,,,False,False,
finance,tech_noshift_20241202_20250131,results/finance/json/finance_tech_noshift_20241202_20250131.json,AdaptedCAFHT (uniform weights + ACI),no_shift_unweighted,S&P 500 Technology · 2024-12-03→2025-01-31,199,198,72,41,0.1,1,42,0.8663194444444444,,,0.04884694652287082,,,,,coverage_by_time;width_by_time;gamma_opt_history;clf_prob1_mean_by_time;clf_prob1_std_by_time;dates,,,False,False,
finance,tech_noshift_20250102_20250228,results/finance/json/finance_tech_noshift_20250102_20250228.json,AdaptedCAFHT (uniform weights + ACI),no_shift_unweighted,S&P 500 Technology · 2025-01-03→2025-02-28,199,198,72,39,0.1,1,42,0.8680555555555556,,,0.05292049373833475,,,,,coverage_by_time;width_by_time;gamma_opt_history;clf_prob1_mean_by_time;clf_prob1_std_by_time;dates,,,False,False,
finance,tech_shift_20240102_20240229,results/finance/json/finance_tech_shift_20240102_20240229.json,Weighted CAFHT (LR + ACI),shift_weighted,S&P 500 Technology · 2024-01-03→2024-02-29,200,199,72,41,0.1,1,42,0.9128472222222223,,,0.047171316446931455,,,,,coverage_by_time;width_by_time;gamma_opt_history;clf_prob1_mean_by_time;clf_prob1_std_by_time;dates,,,True,False,
finance,tech_shift_20240201_20240328,results/finance/json/finance_tech_shift_20240201_20240328.json,Weighted CAFHT (LR + ACI),shift_weighted,S&P 500 Technology · 2024-02-02→2024-03-28,199,198,72,40,0.1,1,42,0.8831908831908832,,,0.04455103064231797,,,,,coverage_by_time;width_by_time;gamma_opt_history;clf_prob1_mean_by_time;clf_prob1_std_by_time;dates,,,True,False,
finance,tech_shift_20240301_20240430,results/finance/json/finance_tech_shift_20240301_20240430.json,Weighted CAFHT (LR + ACI),shift_weighted,S&P 500 Technology · 2024-03-04→2024-04-30,199,198,72,42,0.1,1,42,0.8844850948509485,,,0.049037680534695496,,,,,coverage_by_time;width_by_time;gamma_opt_history;clf_prob1_mean_by_time;clf_prob1_std_by_time;dates,,,True,False,
finance,tech_shift_20240401_20240531,results/finance/json/finance_tech_shift_20240401_20240531.json,Weighted CAFHT (LR + ACI),shift_weighted,S&P 500 Technology · 2024-04-02→2024-05-31,198,198,72,44,0.1,1,42,0.8724160206718347,,,0.04396297143798823,,,,,coverage_by_time;width_by_time;gamma_opt_history;clf_prob1_mean_by_time;clf_prob1_std_by_time;dates,,,True,False,
finance,tech_shift_20240501_20240628,results/finance/json/finance_tech_shift_20240501_20240628.json,Weighted CAFHT (LR + ACI),shift_weighted,S&P 500 Technology · 2024-05-02→2024-06-28,199,198,72,41,0.1,1,42,0.9017361111111111,,,0.05060630945673683,,,,,coverage_by_time;width_by_time;gamma_opt_history;clf_prob1_mean_by_time;clf_prob1_std_by_time;dates,,,True,False,
finance,tech_shift_20240603_20240731,results/finance/json/finance_tech_shift_20240603_20240731.json,Weighted CAFHT (LR + ACI),shift_weighted,S&P 500 Technology · 2024-06-04→2024-07-31,199,198,72,41,0.1,1,42,0.8767361111111112,,,0.05074818532284566,,,,,coverage_by_time;width_by_time;gamma_opt_history;clf_prob1_mean_by_time;clf_prob1_std_by_time;dates,,,True,False,
finance,tech_shift_20240701_20240830,results/finance/json/finance_tech_shift_20240701_20240830.json,Weighted CAFHT (LR + ACI),shift_weighted,S&P 500 Technology · 2024-07-02→2024-08-30,199,198,72,44,0.1,1,42,0.8895348837209303,,,0.06138824104618548,,,,,coverage_by_time;width_by_time;gamma_opt_history;clf_prob1_mean_by_time;clf_prob1_std_by_time;dates,,,True,False,
finance,tech_shift_20240801_20240930,results/finance/json/finance_tech_shift_20240801_20240930.json,Weighted CAFHT (LR + ACI),shift_weighted,S&P 500 Technology · 2024-08-02→2024-09-30,199,198,72,42,0.1,1,42,0.9146341463414634,,,0.0573617728843218,,,,,coverage_by_time;width_by_time;gamma_opt_history;clf_prob1_mean_by_time;clf_prob1_std_by_time;dates,,,True,False,
finance,tech_shift_20240903_20241031,results/finance/json/finance_tech_shift_20240903_20241031.json,Weighted CAFHT (LR + ACI),shift_weighted,S&P 500 Technology · 2024-09-04→2024-10-31,199,198,72,43,0.1,1,42,0.8875661375661376,,,0.04679386837124236,,,,,coverage_by_time;width_by_time;gamma_opt_history;clf_prob1_mean_by_time;clf_prob1_std_by_time;dates,,,True,False,
finance,tech_shift_20241001_20241129,results/finance/json/finance_tech_shift_20241001_20241129.json,Weighted CAFHT (LR + ACI),shift_weighted,S&P 500 Technology · 2024-10-02→2024-11-29,199,198,72,43,0.1,1,42,0.8792989417989417,,,0.04810981098129288,,,,,coverage_by_time;width_by_time;gamma_opt_history;clf_prob1_mean_by_time;clf_prob1_std_by_time;dates,,,True,False,
finance,tech_shift_20241101_20241231,results/finance/json/finance_tech_shift_20241101_20241231.json,Weighted CAFHT (LR + ACI),shift_weighted,S&P 500 Technology · 2024-11-04→2024-12-31,199,198,72,41,0.1,1,42,0.8854166666666666,,,0.05176371098419589,,,,,coverage_by_time;width_by_time;gamma_opt_history;clf_prob1_mean_by_time;clf_prob1_std_by_time;dates,,,True,False,
finance,tech_shift_20241202_20250131,results/finance/json/finance_tech_shift_20241202_20250131.json,Weighted CAFHT (LR + ACI),shift_weighted,S&P 500 Technology · 2024-12-03→2025-01-31,199,198,72,41,0.1,1,42,0.8763888888888889,,,0.05073441345986272,,,,,coverage_by_time;width_by_time;gamma_opt_history;clf_prob1_mean_by_time;clf_prob1_std_by_time;dates,,,True,False,
finance,tech_shift_20250102_20250228,results/finance/json/finance_tech_shift_20250102_20250228.json,Weighted CAFHT (LR + ACI),shift_weighted,S&P 500 Technology · 2025-01-03→2025-02-28,199,198,72,39,0.1,1,42,0.875,,,0.05412050805840485,,,,,coverage_by_time;width_by_time;gamma_opt_history;clf_prob1_mean_by_time;clf_prob1_std_by_time;dates,,,True,False,
finance,util_LRonly_20240102_20240229,results/finance/json/finance_util_LRonly_20240102_20240229.json,"AdaptedCAFHT (LR only, γ=0)",shift_LRonly,S&P 500 Utilities · 2024-01-03→2024-02-29,221,220,30,41,0.1,1,42,0.9183333333333333,,,0.04172147426234311,,,,,coverage_by_time;width_by_time;gamma_opt_history;clf_prob1_mean_by_time;clf_prob1_std_by_time;dates,,,True,False,
finance,util_LRonly_20240201_20240328,results/finance/json/finance_util_LRonly_20240201_20240328.json,"AdaptedCAFHT (LR only, γ=0)",shift_LRonly,S&P 500 Utilities · 2024-02-02→2024-03-28,220,219,30,40,0.1,1,42,0.9290598290598291,,,0.04232419696494224,,,,,coverage_by_time;width_by_time;gamma_opt_history;clf_prob1_mean_by_time;clf_prob1_std_by_time;dates,,,True,False,
finance,util_LRonly_20240301_20240430,results/finance/json/finance_util_LRonly_20240301_20240430.json,"AdaptedCAFHT (LR only, γ=0)",shift_LRonly,S&P 500 Utilities · 2024-03-04→2024-04-30,220,219,30,42,0.1,1,42,0.9243902439024391,,,0.04141262284494519,,,,,coverage_by_time;width_by_time;gamma_opt_history;clf_prob1_mean_by_time;clf_prob1_std_by_time;dates,,,True,False,
finance,util_LRonly_20240401_20240531,results/finance/json/finance_util_LRonly_20240401_20240531.json,"AdaptedCAFHT (LR only, γ=0)",shift_LRonly,S&P 500 Utilities · 2024-04-02→2024-05-31,219,219,30,44,0.1,1,42,0.9193798449612403,,,0.04187163485550112,,,,,coverage_by_time;width_by_time;gamma_opt_history;clf_prob1_mean_by_time;clf_prob1_std_by_time;dates,,,True,False,
finance,util_LRonly_20240501_20240628,results/finance/json/finance_util_LRonly_20240501_20240628.json,"AdaptedCAFHT (LR only, γ=0)",shift_LRonly,S&P 500 Utilities · 2024-05-02→2024-06-28,220,219,30,41,0.1,1,42,0.9266666666666666,,,0.041010530961453774,,,,,coverage_by_time;width_by_time;gamma_opt_history;clf_prob1_mean_by_time;clf_prob1_std_by_time;dates,,,True,False,
finance,util_LRonly_20240603_20240731,results/finance/json/finance_util_LRonly_20240603_20240731.json,"AdaptedCAFHT (LR only, γ=0)",shift_LRonly,S&P 500 Utilities · 2024-06-04→2024-07-31,220,219,30,41,0.1,1,42,0.9433333333333334,,,0.0424472691293603,,,,,coverage_by_time;width_by_time;gamma_opt_history;clf_prob1_mean_by_time;clf_prob1_std_by_time;dates,,,True,False,
finance,util_LRonly_20240701_20240830,results/finance/json/finance_util_LRonly_20240701_20240830.json,"AdaptedCAFHT (LR only, γ=0)",shift_LRonly,S&P 500 Utilities · 2024-07-02→2024-08-30,220,219,30,44,0.1,1,42,0.9395348837209302,,,0.04770955492272218,,,,,coverage_by_time;width_by_time;gamma_opt_history;clf_prob1_mean_by_time;clf_prob1_std_by_time;dates,,,True,False,
finance,util_LRonly_20240801_20240930,results/finance/json/finance_util_LRonly_20240801_20240930.json,"AdaptedCAFHT (LR only, γ=0)",shift_LRonly,S&P 500 Utilities · 2024-08-02→2024-09-30,220,219,30,42,0.1,1,42,0.9788617886178862,,,0.0535785116015776,,,,,coverage_by_time;width_by_time;gamma_opt_history;clf_prob1_mean_by_time;clf_prob1_std_by_time;dates,,,True,False,
finance,util_LRonly_20240903_20241031,results/finance/json/finance_util_LRonly_20240903_20241031.json,"AdaptedCAFHT (LR only, γ=0)",shift_LRonly,S&P 500 Utilities · 2024-09-04→2024-10-31,220,219,30,43,0.1,1,42,0.9642857142857143,,,0.043888141582567215,,,,,coverage_by_time;width_by_time;gamma_opt_history;clf_prob1_mean_by_time;clf_prob1_std_by_time;dates,,,True,False,
finance,util_LRonly_20241001_20241129,results/finance/json/finance_util_LRonly_20241001_20241129.json,"AdaptedCAFHT (LR only, γ=0)",shift_LRonly,S&P 500 Utilities · 2024-10-02→2024-11-29,220,219,30,43,0.1,1,42,0.9261904761904762,,,0.0428591754148418,,,,,coverage_by_time;width_by_time;gamma_opt_history;clf_prob1_mean_by_time;clf_prob1_std_by_time;dates,,,True,False,
finance,util_LRonly_20241101_20241231,results/finance/json/finance_util_LRonly_20241101_20241231.json,"AdaptedCAFHT (LR only, γ=0)",shift_LRonly,S&P 500 Utilities · 2024-11-04→2024-12-31,220,219,30,41,0.1,1,42,0.95,,,0.04977286179388852,,,,,coverage_by_time;width_by_time;gamma_opt_history;clf_prob1_mean_by_time;clf_prob1_std_by_time;dates,,,True,False,
finance,util_LRonly_20241202_20250131,results/finance/json/finance_util_LRonly_20241202_20250131.json,"AdaptedCAFHT (LR only, γ=0)",shift_LRonly,S&P 500 Utilities · 2024-12-03→2025-01-31,220,219,30,41,0.1,1,42,0.9075,,,0.046352000771298765,,,,,coverage_by_time;width_by_time;gamma_opt_history;clf_prob1_mean_by_time;clf_prob1_std_by_time;dates,,,True,False,
finance,util_LRonly_20250102_20250228,results/finance/json/finance_util_LRonly_20250102_20250228.json,"AdaptedCAFHT (LR only, γ=0)",shift_LRonly,S&P 500 Utilities · 2025-01-03→2025-02-28,220,219,30,39,0.1,1,42,0.8833333333333333,,,0.04644715564117597,,,,,coverage_by_time;width_by_time;gamma_opt_history;clf_prob1_mean_by_time;clf_prob1_std_by_time;dates,,,True,False,
finance,util_noshift_20240102_20240229,results/finance/json/finance_util_noshift_20240102_20240229.json,AdaptedCAFHT (uniform weights + ACI),no_shift_unweighted,S&P 500 Utilities · 2024-01-03→2024-02-29,221,220,30,41,0.1,1,42,0.9191666666666667,,,0.04245155883501674,,,,,coverage_by_time;width_by_time;gamma_opt_history;clf_prob1_mean_by_time;clf_prob1_std_by_time;dates,,,False,False,
finance,util_noshift_20240201_20240328,results/finance/json/finance_util_noshift_20240201_20240328.json,AdaptedCAFHT (uniform weights + ACI),no_shift_unweighted,S&P 500 Utilities · 2024-02-02→2024-03-28,220,219,30,40,0.1,1,42,0.9247863247863248,,,0.04297478213176307,,,,,coverage_by_time;width_by_time;gamma_opt_history;clf_prob1_mean_by_time;clf_prob1_std_by_time;dates,,,False,False,
finance,util_noshift_20240301_20240430,results/finance/json/finance_util_noshift_20240301_20240430.json,AdaptedCAFHT (uniform weights + ACI),no_shift_unweighted,S&P 500 Utilities · 2024-03-04→2024-04-30,220,219,30,42,0.1,1,42,0.9292682926829269,,,0.043067459521365654,,,,,coverage_by_time;width_by_time;gamma_opt_history;clf_prob1_mean_by_time;clf_prob1_std_by_time;dates,,,False,False,
finance,util_noshift_20240401_20240531,results/finance/json/finance_util_noshift_20240401_20240531.json,AdaptedCAFHT (uniform weights + ACI),no_shift_unweighted,S&P 500 Utilities · 2024-04-02→2024-05-31,219,219,30,44,0.1,1,42,0.9162790697674419,,,0.042089593204858944,,,,,coverage_by_time;width_by_time;gamma_opt_history;clf_prob1_mean_by_time;clf_prob1_std_by_time;dates,,,False,False,
finance,util_noshift_20240501_20240628,results/finance/json/finance_util_noshift_20240501_20240628.json,AdaptedCAFHT (uniform weights + ACI),no_shift_unweighted,S&P 500 Utilities · 2024-05-02→2024-06-28,220,219,30,41,0.1,1,42,0.925,,,0.04088524571155203,,,,,coverage_by_time;width_by_time;gamma_opt_history;clf_prob1_mean_by_time;clf_prob1_std_by_time;dates,,,False,False,
finance,util_noshift_20240603_20240731,results/finance/json/finance_util_noshift_20240603_20240731.json,AdaptedCAFHT (uniform weights + ACI),no_shift_unweighted,S&P 500 Utilities · 2024-06-04→2024-07-31,220,219,30,41,0.1,1,42,0.9416666666666667,,,0.041970161723278235,,,,,coverage_by_time;width_by_time;gamma_opt_history;clf_prob1_mean_by_time;clf_prob1_std_by_time;dates,,,False,False,
finance,util_noshift_20240701_20240830,results/finance/json/finance_util_noshift_20240701_20240830.json,AdaptedCAFHT (uniform weights + ACI),no_shift_unweighted,S&P 500 Utilities · 2024-07-02→2024-08-30,220,219,30,44,0.1,1,42,0.9395348837209302,,,0.04767726790172794,,,,,coverage_by_time;width_by_time;gamma_opt_history;clf_prob1_mean_by_time;clf_prob1_std_by_time;dates,,,False,False,
finance,util_noshift_20240801_20240930,results/finance/json/finance_util_noshift_20240801_20240930.json,AdaptedCAFHT (uniform weights + ACI),no_shift_unweighted,S&P 500 Utilities · 2024-08-02→2024-09-30,220,219,30,42,0.1,1,42,0.9813008130081301,,,0.05355566670078555,,,,,coverage_by_time;width_by_time;gamma_opt_history;clf_prob1_mean_by_time;clf_prob1_std_by_time;dates,,,False,False,
finance,util_noshift_20240903_20241031,results/finance/json/finance_util_noshift_20240903_20241031.json,AdaptedCAFHT (uniform weights + ACI),no_shift_unweighted,S&P 500 Utilities · 2024-09-04→2024-10-31,220,219,30,43,0.1,1,42,0.9444444444444444,,,0.04283309969429997,,,,,coverage_by_time;width_by_time;gamma_opt_history;clf_prob1_mean_by_time;clf_prob1_std_by_time;dates,,,False,False,
finance,util_noshift_20241001_20241129,results/finance/json/finance_util_noshift_20241001_20241129.json,AdaptedCAFHT (uniform weights + ACI),no_shift_unweighted,S&P 500 Utilities · 2024-10-02→2024-11-29,220,219,30,43,0.1,1,42,0.915079365079365,,,0.042348971146415684,,,,,coverage_by_time;width_by_time;gamma_opt_history;clf_prob1_mean_by_time;clf_prob1_std_by_time;dates,,,False,False,
finance,util_noshift_20241101_20241231,results/finance/json/finance_util_noshift_20241101_20241231.json,AdaptedCAFHT (uniform weights + ACI),no_shift_unweighted,S&P 500 Utilities · 2024-11-04→2024-12-31,220,219,30,41,0.1,1,42,0.9391666666666667,,,0.04762975254702176,,,,,coverage_by_time;width_by_time;gamma_opt_history;clf_prob1_mean_by_time;clf_prob1_std_by_time;dates,,,False,False,
finance,util_noshift_20241202_20250131,results/finance/json/finance_util_noshift_20241202_20250131.json,AdaptedCAFHT (uniform weights + ACI),no_shift_unweighted,S&P 500 Utilities · 2024-12-03→2025-01-31,220,219,30,41,0.1,1,42,0.9191666666666667,,,0.049388723873110815,,,,,coverage_by_time;width_by_time;gamma_opt_history;clf_prob1_mean_by_time;clf_prob1_std_by_time;dates,,,False,False,
finance,util_noshift_20250102_20250228,results/finance/json/finance_util_noshift_20250102_20250228.json,AdaptedCAFHT (uniform weights + ACI),no_shift_unweighted,S&P 500 Utilities · 2025-01-03→2025-02-28,220,219,30,39,0.1,1,42,0.8964912280701754,,,0.05198353936134913,,,,,coverage_by_time;width_by_time;gamma_opt_history;clf_prob1_mean_by_time;clf_prob1_std_by_time;dates,,,False,False,
finance,util_shift_20240102_20240229,results/finance/json/finance_util_shift_20240102_20240229.json,Weighted CAFHT (LR + ACI),shift_weighted,S&P 500 Utilities · 2024-01-03→2024-02-29,221,220,30,41,0.1,1,42,0.9133333333333333,,,0.04155265492720277,,,,,coverage_by_time;width_by_time;gamma_opt_history;clf_prob1_mean_by_time;clf_prob1_std_by_time;dates,,,True,False,
finance,util_shift_20240201_20240328,results/finance/json/finance_util_shift_20240201_20240328.json,Weighted CAFHT (LR + ACI),shift_weighted,S&P 500 Utilities · 2024-02-02→2024-03-28,220,219,30,40,0.1,1,42,0.923931623931624,,,0.042965157286243005,,,,,coverage_by_time;width_by_time;gamma_opt_history;clf_prob1_mean_by_time;clf_prob1_std_by_time;dates,,,True,False,
finance,util_shift_20240301_20240430,results/finance/json/finance_util_shift_20240301_20240430.json,Weighted CAFHT (LR + ACI),shift_weighted,S&P 500 Utilities · 2024-03-04→2024-04-30,220,219,30,42,0.1,1,42,0.9211382113821138,,,0.04124167525683896,,,,,coverage_by_time;width_by_time;gamma_opt_history;clf_prob1_mean_by_time;clf_prob1_std_by_time;dates,,,True,False,
finance,util_shift_20240401_20240531,results/finance/json/finance_util_shift_20240401_20240531.json,Weighted CAFHT (LR + ACI),shift_weighted,S&P 500 Utilities · 2024-04-02→2024-05-31,219,219,30,44,0.1,1,42,0.913953488372093,,,0.04129245479513203,,,,,coverage_by_time;width_by_time;gamma_opt_history;clf_prob1_mean_by_time;clf_prob1_std_by_time;dates,,,True,False,
finance,util_shift_20240501_20240628,results/finance/json/finance_util_shift_20240501_20240628.json,Weighted CAFHT (LR + ACI),shift_weighted,S&P 500 Utilities · 2024-05-02→2024-06-28,220,219,30,41,0.1,1,42,0.9275,,,0.04082098760021643,,,,,coverage_by_time;width_by_time;gamma_opt_history;clf_prob1_mean_by_time;clf_prob1_std_by_time;dates,,,True,False,
finance,util_shift_20240603_20240731,results/finance/json/finance_util_shift_20240603_20240731.json,Weighted CAFHT (LR + ACI),shift_weighted,S&P 500 Utilities · 2024-06-04→2024-07-31,220,219,30,41,0.1,1,42,0.9425,,,0.041719444185943755,,,,,coverage_by_time;width_by_time;gamma_opt_history;clf_prob1_mean_by_time;clf_prob1_std_by_time;dates,,,True,False,
finance,util_shift_20240701_20240830,results/finance/json/finance_util_shift_20240701_20240830.json,Weighted CAFHT (LR + ACI),shift_weighted,S&P 500 Utilities · 2024-07-02→2024-08-30,220,219,30,44,0.1,1,42,0.9395348837209302,,,0.047237599483426325,,,,,coverage_by_time;width_by_time;gamma_opt_history;clf_prob1_mean_by_time;clf_prob1_std_by_time;dates,,,True,False,
finance,util_shift_20240801_20240930,results/finance/json/finance_util_shift_20240801_20240930.json,Weighted CAFHT (LR + ACI),shift_weighted,S&P 500 Utilities · 2024-08-02→2024-09-30,220,219,30,42,0.1,1,42,0.9780487804878049,,,0.052807373642298774,,,,,coverage_by_time;width_by_time;gamma_opt_history;clf_prob1_mean_by_time;clf_prob1_std_by_time;dates,,,True,False,
finance,util_shift_20240903_20241031,results/finance/json/finance_util_shift_20240903_20241031.json,Weighted CAFHT (LR + ACI),shift_weighted,S&P 500 Utilities · 2024-09-04→2024-10-31,220,219,30,43,0.1,1,42,0.9476190476190476,,,0.0428722668283095,,,,,coverage_by_time;width_by_time;gamma_opt_history;clf_prob1_mean_by_time;clf_prob1_std_by_time;dates,,,True,False,
finance,util_shift_20241001_20241129,results/finance/json/finance_util_shift_20241001_20241129.json,Weighted CAFHT (LR + ACI),shift_weighted,S&P 500 Utilities · 2024-10-02→2024-11-29,220,219,30,43,0.1,1,42,0.9166666666666666,,,0.0421335367911509,,,,,coverage_by_time;width_by_time;gamma_opt_history;clf_prob1_mean_by_time;clf_prob1_std_by_time;dates,,,True,False,
finance,util_shift_20241101_20241231,results/finance/json/finance_util_shift_20241101_20241231.json,Weighted CAFHT (LR + ACI),shift_weighted,S&P 500 Utilities · 2024-11-04→2024-12-31,220,219,30,41,0.1,1,42,0.9383333333333334,,,0.0481572097481399,,,,,coverage_by_time;width_by_time;gamma_opt_history;clf_prob1_mean_by_time;clf_prob1_std_by_time;dates,,,True,False,
finance,util_shift_20241202_20250131,results/finance/json/finance_util_shift_20241202_20250131.json,Weighted CAFHT (LR + ACI),shift_weighted,S&P 500 Utilities · 2024-12-03→2025-01-31,220,219,30,41,0.1,1,42,0.9175,,,0.04925995327361056,,,,,coverage_by_time;width_by_time;gamma_opt_history;clf_prob1_mean_by_time;clf_prob1_std_by_time;dates,,,True,False,
finance,util_shift_20250102_20250228,results/finance/json/finance_util_shift_20250102_20250228.json,Weighted CAFHT (LR + ACI),shift_weighted,S&P 500 Utilities · 2025-01-03→2025-02-28,220,219,30,39,0.1,1,42,0.8973684210526316,,,0.052240779631773517,,,,,coverage_by_time;width_by_time;gamma_opt_history;clf_prob1_mean_by_time;clf_prob1_std_by_time;dates,,,True,False,
finance,sector_separability_ks,results/finance/json/sector_separability_ks.json,AdaptedCAFHT (uniform weights + ACI),?,S&P 500 ?,,,,,,1,,,,,,,,,,,,,False,False,missing clf_prob1_mean_by_time
